price_nom,CPI,realprice,lnrprice,dln_rprice,cons,dln_cons,prod,ln_prod,dln_prod,date,t,ln_cons,kilian,elec_price_nom,elec,rp_comm,nom_ind,elec_ind_nom_det,
2.6,169.3,1.53573538098051,0.429009341876438,0.104109658924686,1809.3,-0.171330255795588,2055436,14.5359985488587,-0.074136864064371,,1,7.50069530912505,-8.85,,,4.51860602480803,5.12,0.167732796717173,0.099074304026682
2.73,170,1.60588235294118,0.473673358134698,-0.067220596870902,1828.00000000001,0.232623609758263,1908564,14.4618616847943,0.083828316278762,,2,7.5109777520141,-7.49,,,4.47647058823529,5.11,-0.020704703282828,-0.012179237225193
2.66,171,1.55555555555556,0.441832752279039,0.165403012887361,1723.8,-0.05027290043875,2075453,14.5456900010731,-0.058260495538118,,3,7.4522864352133,7.19,,,4.57894736842105,5.1,-0.002579703282828,-0.001508598411011
2.86,170.9,1.67349327091867,0.514913220698307,0.115130112448611,1840.3,0.249542639967562,1957991,14.487429505535,0.021901506289916,,4,7.51768388079115,10.28,,,4.58162668227033,5.1,-0.10712831439394,-0.062684794847244
3.04,171.2,1.77570093457944,0.57419523769858,0.364672752416174,1970.3,-0.344894552387973,2001347,14.5093310118249,-0.018832661454104,,5,7.58594109440192,6.31,,,4.64953271028037,5.38,-0.114593592171717,-0.066935509446096
3.77,172.2,2.18931475029036,0.78358859545438,0.019778200028201,1880.5,-0.056149895071456,1964009,14.4904983503708,0.027091874445871,,6,7.53929297791039,5.08,,,4.64576074332172,5.65,-0.000913036616161,-0.000530218708572
3.84,172.7,2.22350897510133,0.799086567435094,-0.036371695043256,1737.4,0.202163110765182,2017945,14.5175902248166,0.009900062786857,,7,7.46014502182582,6.78,,,4.56282570932252,5.65,0.152593907828283,0.08835779260468
3.73,172.7,2.15981470758541,0.770022434491183,0.165791415721927,1850.6,-0.08702973889645,2038022,14.5274902876035,-0.025340681102312,,8,7.52326518981493,8.24,,,4.53966415749855,5.55,0.63051057449495,0.365090083668182
4.26,173.6,2.45391705069124,0.897685544043121,0.078761676825477,1858.30000000001,-0.121944850637943,1987026,14.5021496065012,0.054225339828218,,9,7.52741737027961,12.25,,,4.33755760368664,5.32,0.221691130050505,0.127702263853978
4.58,173.9,2.63369752731455,0.968388762753948,-0.043183173812466,1872.30000000001,0.333257068322871,2097748,14.5563749463294,-0.047856717536217,,10,7.53492290060811,13.53,,,4.37607820586544,5.18,0.27068418560606,0.155655080854549
4.4,174.2,2.52583237657865,0.926570662493905,0.290073894510405,1967.60000000001,-0.154986196436585,1999721,14.5085182287932,0.034837027874669,,11,7.58456980492119,12.84,,,4.36854190585534,4.95,-0.149157986111112,-0.085624561487435
5.77,174.6,3.30469644902635,1.1953446231026,0.13508769807382,2138.80000000001,-0.353851653829153,2070613,14.5433552566679,0.012638255579221,,12,7.66800020307458,5.99,7.68,4.39862542955326,4.3127147766323,5,-0.72730192550505,-0.416553221938746
6.82,175.6,3.88382687927107,1.35682097664245,-0.218763955755333,1925.1,0.076201091491137,2096948,14.5559935122471,-0.093353011010066,Jan-2002,13,7.56273319342458,2.89,8.02,4.56719817767654,3.95785876993166,5.03,-0.051433869949496,-0.029290358741171
5.08,176,2.88636363636364,1.05999745254033,-0.142562864264196,1880.9,0.17782254109065,1910051,14.462640501237,0.102577611225826,Feb-2002,14,7.53950566467676,-2.88,8.39,4.76704545454546,4.47727272727273,5.57,-0.381121369949494,-0.216546232925849
4.37,176.1,2.48154457694492,0.90888117959343,0.035259676826454,1894.80000000001,-0.07897078373976,2116381,14.5652181124628,-0.042585972311754,Mar-2002,15,7.5468685710496,-1.22,8.52,4.8381601362862,4.25894378194208,5,-0.718829703282828,-0.408194039342889
4.52,176.4,2.56235827664399,0.94092803625954,-0.043711106913306,1871.80000000001,-0.114501511191553,2028145,14.5226321401511,0.020788795392491,Apr-2002,16,7.53465581372316,-5.5,8.91,5.05102040816327,3.86621315192744,4.97,-0.083378314393939,-0.047266618137154
4.36,177.3,2.45910885504794,0.899799030268872,-0.158212618104859,1833.7,-0.002481421228471,2070749,14.5434209355436,-0.038135878119618,May-2002,17,7.51409106255512,-5.21,9.63,5.43147208121827,3.64918217710096,4.43,-0.195010258838384,-0.109988865673087
3.79,177.7,2.1328081035453,0.757439469921821,-0.160694039333329,1794,0.151274783630136,1993266,14.505285057424,0.024140528695927,Jun-2002,18,7.49220304261874,-10.29,9.55,5.37422622397299,4.04614518851998,4.1,-0.269246369949494,-0.151517371946817
3.35,177.4,1.88838782412627,0.635723461949587,-0.009419255703194,1821.5,-0.200046493200571,2041970,14.5294255861199,0.007205718239803,Jul-2002,19,7.50741561644862,-23.13,9.53,5.37204058624577,3.92333709131905,4.81,0.045927241161616,0.025889087464271
3.33,177.4,1.87711386696731,0.629735420104965,-0.209465748903765,1869,0.109551333348612,2056737,14.5366313043597,-0.023391579187502,Aug-2002,20,7.53315880745556,-43.79,9.27,5.22547914317926,3.92897406989853,4.53,0.26926057449495,0.151781609072689
2.93,178.1,1.64514317798989,0.497827418721452,-0.099914415555153,1882.2,0.557023092694025,2009185,14.5132397251722,0.042794798218964,Sep-2002,21,7.54019658442469,-47.64,9.11,5.11510387422796,3.73385738349242,3.94,0.589191130050505,0.3308203986808
2.78,177.6,1.56531531531532,0.448087283132567,0.457108677138872,1968,-0.451760637092047,2097034,14.5560345233912,-0.044363828382311,Oct-2002,22,7.5847730776122,-52.29,8.4,4.72972972972973,3.70495495495496,4.59,0.269850852272727,0.15194304745086
3.41,177.5,1.92112676056338,0.652911868368046,0.005348040046825,1757.19999999999,-0.485295822537922,2006035,14.5116706950088,0.033453004281592,Nov-2002,23,7.47147691210162,-56.97,8.23,4.63661971830986,3.79154929577465,4.35,0.170842013888889,0.096249021909233
3.42,177.4,1.92784667418264,0.656403667187126,-0.479947782491097,1748.6,0.087182489670642,2074278,14.5451236992904,-0.008010679801721,Dec-2002,24,7.46657074674679,-55,8.11,4.57158962795941,3.96279594137542,4.41,0.146031407828283,0.082317591785954
2.5,177.7,1.40686550365785,0.341364182701641,-0.392765292820455,1785.80000000001,0.820971777153184,2057728,14.5371130194887,-0.101705236704211,Jan-2003,25,7.48762177308312,-48.21,7.98,4.49071468767586,4.05740011254924,4.8,0.206482796717173,0.116197409520075
2.19,178,1.23033707865169,0.207288179524416,0.42820648433273,1821.8,0.242183141263793,1858737,14.4354077827845,0.103687497989741,Feb-2003,26,7.50758030231071,-45.14,7.79,4.37640449438202,4.12359550561798,5.24,-0.178204703282828,-0.100115001844285
2.4,178.5,1.34453781512605,0.296050322122297,0.670389625596523,1910.90000000001,-0.672643990839154,2061811,14.5390952807742,-0.041374634792408,Mar-2003,27,7.55532961424733,-34.87,7.98,4.47058823529412,4.58823529411765,5.59,-0.181746369949494,-0.101818694649576
2.94,179.3,1.63970998326827,0.494519386727594,-0.002254365242632,1961.50000000001,0.014866204608384,1978245,14.4977206459818,0.024829642628181,Apr-2003,28,7.58146476564961,-34.02,8.15,4.54545454545455,4.29447852760736,5.35,-0.20587831439394,-0.114823376683737
2.94,179.5,1.63788300835655,0.493404559410348,0.012611839365752,1940.4,-0.044296151105346,2027979,14.52255028861,-0.029373768135535,May-2003,29,7.57064941637106,-38.13,8.5,4.73537604456825,4.49025069637883,5.23,-0.262926925505051,-0.146477395824541
2.96,179.6,1.64810690423163,0.499627298455961,-0.031684311739594,1973.7,-0.090529900783733,1969276,14.4931765204745,0.033765536435333,Jun-2003,30,7.58766523276006,-41.76,8.49,4.7271714922049,4.82182628062361,5.55,-0.411746369949495,-0.229257444292592
2.92,180,1.62222222222222,0.483796951378071,-0.122214212523327,1988,0.290981933479044,2036905,14.5269420569098,-0.009040177419873,Jul-2003,31,7.59488438721652,-42.51,8.07,4.48333333333333,4.77777777777778,5.73,0.170510574494949,0.094728096941638
2.76,180.5,1.52908587257618,0.424670087944214,0.168767720955717,1925.6,0.002085551610996,2018574,14.5179018794899,-0.04865307183084,Aug-2003,32,7.56299288646886,-41.21,8.04,4.45429362880886,4.47645429362881,5.46,-0.019489425505051,-0.010797465653768
2.97,180.8,1.64269911504425,0.496340690844623,0.170853272566714,1940.5,0.002812701293057,1922715,14.4692488076591,0.027583282703127,Sep-2003,33,7.57070095080896,-24.68,7.51,4.1537610619469,4.22566371681416,5.2,-0.076225536616162,-0.042160141933718
3.24,181.2,1.78807947019868,0.581142122183451,0.17366597385977,1965.1,-0.032271752723391,1976488,14.4968320903622,0.001490423246612,Oct-2003,34,7.58329841359372,-10.33,7.44,4.10596026490066,4.11147902869757,5.16,0.10318418560606,0.056944914793631
3.59,181.5,1.97796143250689,0.682066734783373,0.14139422113638,1986.7,-0.00296930230059,1979436,14.4983225136088,0.036677695253856,Nov-2003,35,7.59423024977402,-3.6,8.07,4.44628099173554,4.06611570247934,4.97,0.335008680555556,0.184577785430058
3.96,181.8,2.17821782178218,0.778507029511102,0.138424918835789,1956.50000000001,0.003210129168473,2053385,14.5350002088627,0.001645195401631,Dec-2003,36,7.57891244165047,9.61,7.71,4.24092409240924,4.02640264026403,4.92,0.256864741161616,0.14128973661255
4.43,182.6,2.42606790799562,0.886271801884268,0.141635048004262,1938.2,0.173801706789439,2056766,14.5366454042643,-0.089495583797826,Jan-2004,37,7.56951498630045,11.01,8.11,4.44140197152245,4.17853231106243,5.52,-0.063933869949495,-0.035013072261498
5.05,183.6,2.75054466230937,1.01179895108897,0.3154367547937,2028.5,-0.645257486768078,1880691,14.4471498204665,0.11225521341493,Feb-2004,38,7.6150518826465,9.45,9.02,4.91285403050109,4.07952069716776,5.52,0.146795296717172,0.079953865314364
6.96,183.9,3.78466557911909,1.33095752872414,-0.329820731974377,1864.9,0.404482476058466,2104114,14.5594050338814,-0.04697193102222,Mar-2004,39,7.5309627113374,19.46,9.03,4.91027732463295,4.12180532898314,5.47,-0.073829703282828,-0.040146657576307
4.47,183.2,2.43995633187773,0.891980142373539,0.074661744084089,1833.8,0.05554156777684,2007565,14.5124331028592,0.00465004203539,Apr-2004,40,7.5141455956158,30.96,9.35,5.10371179039301,4.24126637554585,5.71,-0.230044981060606,-0.125570404509064
4.77,182.9,2.6079825041006,0.958576935491521,0.130203311860928,1823.1,-0.191316637358718,2016922,14.5170831448946,-0.023473056509941,May-2004,41,7.50829362780942,39.08,10.07,5.50574084199016,4.2646254784035,5.94,0.054989741161617,0.030065468103672
5.41,183.1,2.95466957946477,1.08338682716602,-0.06111332549779,1689.6,-0.071123155078412,1970130,14.4936100883847,0.010891525405793,Jun-2004,42,7.43224709351194,34.8,9.97,5.44511196067723,4.50573457127253,6.24,-0.154246369949494,-0.084241600190876
5.08,183.7,2.76537833424061,1.0171774553574,-0.132236480576202,1807.8,0.161108558146006,1991705,14.5045016137904,0.020832792875234,Jul-2004,43,7.49986591536431,37.23,9.89,5.38377789874796,4.48557430593359,6.04,-0.201572758838384,-0.109729318910389
4.46,184.5,2.41734417344173,0.882669488539482,0.028872077569804,1836.6,-0.09443754471984,2033633,14.5253344066657,-0.028490679568916,Aug-2004,44,7.51567131517942,41.17,9.52,5.15989159891599,4.59620596205962,6.36,-0.227406092171717,-0.123255334510416
4.59,185.1,2.47974068071313,0.908153990481093,-0.065565467150036,1801.3,0.048446978139518,1976511,14.4968437270968,0.039993707799706,Sep-2004,45,7.49626390542951,48.48,8.93,4.82441923284711,4.31658562938952,5.93,-0.154975536616161,-0.083725303412297
4.32,184.9,2.33639805300162,0.848610449851031,-0.017118489010518,1852.40000000001,0.146936964309329,2057161,14.5368374348965,-0.039260360811799,Oct-2004,46,7.5242373746066,101.24,8.59,4.64575446187128,4.06165494862088,5.81,-0.143899147727272,-0.077825390874674
4.26,185,2.3027027027027,0.834083521191045,0.129818475298811,1828.3,-0.038527969940221,1977961,14.4975770740847,0.03373168219761,Nov-2004,47,7.51114185233446,103.43,8.38,4.52972972972973,4.29189189189189,5.97,-0.273741319444444,-0.147968280780781
4.76,185.5,2.56603773584906,0.94236297218393,0.09129050535859,1851.2,-0.129500355312425,2045819,14.5313087562823,0.008268508763582,Dec-2004,48,7.52358935643941,111.45,8.61,4.64150943396226,4.15094339622642,5.85,-0.323135258838383,-0.174196905034169
5.21,186.3,2.79656468062265,1.02839176414582,-0.038209849953835,1927.00000000001,0.055988006581707,2062805,14.5395772650459,-0.071302554901633,Jan-2005,49,7.56371966841437,123.81,8.55,4.58937198067633,4.22973698336017,5.85,-0.355600536616162,-0.190875220942653
5.02,186.7,2.68880557043385,0.989097069144052,0.017778156627872,1955.10000000001,-0.036986410224623,1920843,14.4682747101442,0.077937450194467,Feb-2005,50,7.57819662200645,127.91,8.93,4.78307445099089,4.30637386181039,6.06,-0.085704703282826,-0.045905036573555
5.12,187.1,2.73650454302512,1.00668139175946,-0.019208253596752,1789,0.086782531692571,2076537,14.5462121603387,-0.039899669759814,Mar-2005,51,7.48941208350872,121.84,9.39,5.01870657402459,4.37199358631748,6.22,0.667420296717173,0.356718491030023
5.03,187.4,2.68409818569904,0.987344800295417,0.067574278095819,1849.00000000001,-3.68546255780644E-05,1995315,14.5063124905789,0.003011525932855,Apr-2005,52,7.52240023138713,108.49,9.76,5.20811099252935,4.38100320170758,6.45,0.996205018939394,0.531592859626144
5.4,188.2,2.86928799149841,1.05406391240704,0.067537423470241,1895.5,-0.099554053914205,2001333,14.5093240165117,-0.017915697494482,May-2005,53,7.54723793495639,86.05,10.44,5.54729011689692,4.43145589798087,6.46,0.55957307449495,0.29732894500263
5.82,188.9,3.08099523557438,1.12525267322397,-0.032016630443964,1822.3,0.015048171461074,1965797,14.4914083190173,0.026782336522423,Jun-2005,54,7.50785471849201,64.41,10.48,5.54790894653256,4.56855479089465,6.89,0.280336963383839,0.148404956793986
5.62,189.1,2.97197250132205,1.08922587422928,-0.01696845898289,1778.89999999999,-0.06725116582971,2019157,14.5181906555397,-0.001282049233927,Jul-2005,55,7.48375047473122,90.86,10.71,5.66367001586462,4.68006345848757,7.1,0.068427241161617,0.036185743607412
5.52,189.2,2.91754756871036,1.07074338965932,-0.0842196248126,1741.8,0.150831961213772,2016570,14.5169086063058,-0.054691219922978,Aug-2005,56,7.46267434025864,100.83,10.32,5.45454545454546,4.92600422832981,7.61,0.075093907828284,0.039690226124886
5.06,189.8,2.66596417281349,0.980565783111638,0.066612336401172,1868.8,0.057221592920974,1909243,14.4622173863828,0.051016863917704,Sep-2005,57,7.53305179263391,100.01,9.57,5.04214963119073,5.01580611169652,8.25,-0.104142203282827,-0.054869443247011
5.43,190.8,2.84591194968553,1.04588356091975,0.123833929322146,1855.69999999999,-0.151685012545709,2009174,14.5132342503005,-0.020083120190156,Oct-2005,58,7.52601726235029,108.84,9.37,4.91090146750524,5.09958071278826,8.67,-0.198065814393939,-0.103808078822819
6.21,191.7,3.23943661971831,1.17539943188188,-0.027851083223563,1870.20000000001,-0.002818534813339,1969226,14.4931511301103,0.027277064012813,Nov-2005,59,7.53380065600135,124.21,9.24,4.82003129890454,4.88784559207094,8.16,0.028758680555556,0.01500191995595
6.01,191.7,3.13510693792384,1.14266328448361,-0.030669618036902,1896.3,0.015945176924443,2023680,14.5204281941231,0.005595872996915,Dec-2005,60,7.54765989814636,128.27,9.15,4.77308294209703,4.96087636932707,8.02,-0.018135258838384,-0.009460228919345
5.8,191.6,3.02713987473904,1.10761823800371,-0.014724441112459,1850.9,0.045920034716233,2035036,14.5260240671201,-0.084283142297114,Jan-2006,61,7.52342728626267,108.12,9.5,4.95824634655532,5.13048016701461,7.86,-0.201433869949494,-0.10513249997364
5.73,192.4,2.97817047817048,1.09130917848313,0.031195593603773,1820,0.054128934362933,1870546,14.4417409248229,0.106379805195106,Feb-2006,62,7.50659178007084,108.55,10.05,5.22349272349272,5.15072765072765,8.06,0.060961963383839,0.031685012153763
5.95,193.1,3.08130502330399,1.12535321611116,0.085324527966706,1886.10000000001,-0.125783875806431,2080504,14.548120730018,-0.049779019205936,Mar-2006,63,7.54226648405713,111.53,10.15,5.25634386328327,5.06991196271362,7.82,-0.115496369949494,-0.059811688218278
6.57,193.7,3.39184305627259,1.22137344807166,-0.040459347839725,1836.2,0.017890459323209,1979474,14.4983417108121,0.015614466163322,Apr-2006,64,7.5154534977096,108.22,10.72,5.53433144037171,5.11099638616417,7.66,-0.260044981060605,-0.134251409943524
6.25,193.6,3.22830578512397,1.17195747489393,-0.022568888516516,1836.7,0.101813081615716,2010625,14.5139561769754,-0.018903063110255,May-2006,65,7.51572576213449,87.27,11.21,5.79028925619835,4.93801652892562,7.75,0.043323074494951,0.022377621123425
6.09,193.7,3.14403717088281,1.14550769729695,0.079244193099201,1872.40000000001,-0.11242153427945,1972975,14.4950531138652,0.00564452697729,Jun-2006,66,7.53497630942592,58.58,11.29,5.82860092927207,5.11099638616417,7.97,0.05533696338384,0.028568385846071
6.71,194.9,3.44279117496152,1.23628253045817,-0.033177341180249,1885.4,0.291913447148995,1984143,14.5006976408425,0.001994840862837,Jul-2006,67,7.54189527896205,36.76,11.47,5.88506926629041,5.16675218060544,7.84,0.09926057449495,0.05092897613902
6.48,196.1,3.30443651198368,1.19526596314997,0.258736105968746,1866.9,-0.164426680525902,1988105,14.5026924817053,-0.118123430236285,Aug-2006,68,7.53203458024328,35.73,11.66,5.94594594594595,5.2371239163692,8.16,-0.00823942550505,-0.004201644826644
8.95,198.8,4.50201207243461,1.50452442405238,0.094309425442844,1796.8,-0.117689238004156,1766603,14.384569051469,0.057516098604637,Sep-2006,69,7.49376258398418,58.48,11.6,5.83501006036217,5.06539235412475,7.71,0.140441130050506,0.070644431614943
10.33,199.1,5.18834756403817,1.64641525804949,-0.023379812561312,1696.40000000001,-0.029763270833082,1871190,14.4420851500737,0.016204129428815,Oct-2006,70,7.43626363760044,70.49,11.5,5.77599196383727,4.90205926670015,7.55,0.156934185606061,0.078821790861909
9.89,198.1,4.99242806663301,1.60792237791821,-0.053143083394394,1746.3,-0.033178811766425,1901758,14.4582892795025,0.048297315684364,Nov-2006,71,7.4652545429458,63.1,11.42,5.76476527006562,4.81070166582534,7.69,0.210425347222223,0.10622178052611
9.08,198.1,4.58354366481575,1.52247242489679,-0.086321895160819,1884.5,-0.026502065676534,1995862,14.5065865951868,-0.010422579196011,Dec-2006,72,7.54141781270719,51.8,11.91,6.01211509338718,4.77031802120141,7.75,0.076448074494949,0.038590648407344
8.01,199.3,4.01906673356749,1.39104971984961,-0.112823960837352,1567.60000000001,0.060334549125658,1975168,14.4961640159908,-0.096071366734492,Jan-2007,73,7.35730106632548,37.45,12.12,6.08128449573507,4.74159558454591,7.77,-0.248517203282828,-0.124695034261329
6.85,199.4,3.43530591775326,1.23410598073449,-0.052489411711695,1744.8,0.040200235278495,1794241,14.4000926492563,0.105793251271871,Feb-2007,74,7.46439521488742,45.31,12.42,6.22868605817452,4.82948846539619,7.78,-0.420704703282827,-0.210985307564106
6.43,199.7,3.21982974461693,1.16932848381585,-0.0122891764332,1825.10000000001,-0.009536902872502,1994464,14.5058859005282,-0.043802607691591,Mar-2007,75,7.50939005903598,51.48,12.72,6.36955433149725,5.03755633450175,7.85,-0.101329703282827,-0.050740963086043
6.37,200.7,3.17389138016941,1.15495839976987,-0.021826079305702,1793.7,-0.048264661571754,1908987,14.4620832928366,0.02459465007955,Apr-2007,76,7.49203580455497,45.86,12.98,6.46736422521176,4.99252615844544,7.88,-0.134628314393939,-0.067079379369177
6.23,201.3,3.09488325881768,1.12975018614171,-0.070090740877456,1850.79999999999,0.087736111880092,1956520,14.4866779429162,-0.009100223096764,May-2007,77,7.52337325703284,44.8,13.41,6.66169895678092,4.89319423745653,7.87,-0.114593592171716,-0.05692677206742
5.77,201.8,2.85926660059465,1.05056515858859,0.017645371002636,1886.9,0.074388198622706,1938796,14.4775777198194,0.018620216761304,Jun-2007,78,7.54269054979367,55.44,13.31,6.59563924677899,4.97026759167493,8.03,-0.235079703282827,-0.116491428782372
5.91,202.9,2.91276490882208,1.06910277057433,0.092033569625342,1965.50000000001,-0.1544204157725,1975235,14.4961979365807,0.007160786929646,Jul-2007,79,7.58350194486192,66.59,13.35,6.57959586002957,4.94825036964022,7.78,-0.087822758838382,-0.043283764829168
6.55,203.8,3.21393523061825,1.16749611484663,-0.062386846147158,1923.4,-0.092898144148786,1989430,14.5033587235103,-0.022016171017899,Aug-2007,80,7.56184973227838,85.29,13.25,6.50147203140334,4.86261040235525,7.69,-0.613239425505051,-0.300902564035844
6.06,202.8,2.98816568047337,1.09465971435229,-0.155284990295944,1841.5,0.453579852606318,1946109,14.4813425524924,0.040123804324297,Sep-2007,81,7.51833573588512,95.07,13.18,6.49901380670611,4.87179487179487,7.76,-0.27789220328283,-0.137027713650311
5.09,201.9,2.52105002476473,0.924675491231731,0.298294862310374,1948.49999999999,-0.296634582846768,2025782,14.5214663568167,-0.025726192059979,Oct-2007,82,7.57481512477876,95.42,12.52,6.20108964834076,4.95294700346706,7.75,0.176517518939395,0.087428191649032
6.71,202,3.32178217821782,1.20050143957048,0.001660279463606,1852.10000000001,-0.144874743963242,1974331,14.4957401647568,0.040510853401369,Nov-2007,83,7.52407540942876,99.49,11.91,5.8960396039604,4.84653465346535,7.66,0.092925347222224,0.046002647139715
6.76,203.1,3.32840965041851,1.20249460745663,-0.143214464499636,1713.59999999999,0.310727752656294,2055955,14.5362510181581,-0.006378904225169,Dec-2007,84,7.44635169969348,102.54,12.08,5.94780896110291,4.77104874446086,7.69,1.01144807449495,0.498004960361866
5.7,203.437,2.80185020424013,1.03027998618602,0.167513288156658,1788.2,-0.190369046599447,2042882,14.529872113933,-0.084152577739804,Jan-2008,85,7.48896480630122,105.42,11.97,5.88388542890428,5.05807694765456,7.99,1.17606613005051,0.578098443277531
6.8,204.226,3.32964460940331,1.20286557439404,-0.02285575844279,2092.1,-0.031112496652621,1878003,14.4457195361932,0.109132142081716,Feb-2008,86,7.6459236251896,103.76,12.46,6.10108409311253,4.85736390077659,7.78,0.512211963383839,0.250806441581306
6.65,205.288,3.23935154514633,1.17537316938654,-0.05396825509541,1839.2,0.118034501431813,2094555,14.5548516782749,-0.048726143073097,Mar-2008,87,7.51708597344897,118.67,12.56,6.11823389579518,4.96862943766806,8.18,0.217003630050504,0.105706923955859
6.26,205.904,3.04025176781413,1.11194033034879,0.064066246336403,1936,-0.082458410427179,1994942,14.5061255352018,0.035310090590333,Apr-2008,88,7.56837926783652,130.16,12.62,6.12906985779781,5.10917709223716,8.73,0.221205018939395,0.107431142153331
6.75,206.755,3.26473362191966,1.1831781734643,-0.018392164090776,1902.60000000001,-0.038188278914778,2066642,14.5414356257921,-0.022895875580108,May-2008,89,7.55097665077236,140.6,12.73,6.15704577882034,5.05912795337477,8.64,-0.093760258838383,-0.045348484359935
6.62,207.234,3.19445650810195,1.16141696634932,-0.056580443005554,1889.49999999999,-0.0123539501261,2019862,14.518539750212,0.016412244415838,Jun-2008,90,7.54406752278954,130.18,12.51,6.03665421697212,5.69887180674986,9.9,0.185336963383838,0.089433665992954
6.21,207.603,2.99128625308883,1.09570347987911,-0.068934393131653,1854.3,-0.016795532175116,2053286,14.5349519946278,0.011114720692188,Jul-2008,91,7.52526254533334,143.16,12.4,5.972938734026,5.57795407580815,10.15,0.094260574494949,0.045404244878421
5.76,207.667,2.77367131031892,1.0201718254414,-0.085729925306769,2082.5,0.175380660507341,2076235,14.54606671532,-0.017488219222385,Aug-2008,92,7.641324374041,152.36,12.44,5.99035956603601,5.43658838428831,9.54,-0.119906092171717,-0.057739598574505
5.3,208.547,2.54139354677842,0.932712571046238,0.089650735200572,2001.40000000001,0.012085291011864,2040241,14.5285784960976,0.039382049854684,Sep-2008,93,7.60160221465636,169.64,12.42,5.95549204735623,5.16909857250404,8.93,-0.039975536616161,-0.019168598261381
5.78,209.19,2.76303838615613,1.01633093877135,0.101736026212436,1920.40000000001,-0.049365322277773,2122193,14.5679605459523,-0.011178579230538,Oct-2008,94,7.56028877665679,189.06,12.03,5.75075290405851,5.02414073330465,8.8,-0.023065814393939,-0.011026250965122
6.46,210.834,3.06402193194646,1.1197284097987,0.052370703934663,1915.4,0.005478522688752,2098602,14.5567819667218,0.036314801475067,Nov-2008,95,7.55768175708752,189.57,11.75,5.57310490717816,4.88536004629234,8.15,-0.299574652777777,-0.142090295103151
6.87,211.445,3.24907186265932,1.1783693748355,0.057849226623414,1926.69999999999,0.006930130979015,2176213,14.5930967681969,-0.009776461335813,Dec-2008,96,7.56356397388671,182.7,11.65,5.50970701600889,5.01785334247677,8.25,-0.23855192550505,-0.11281984700752
7.38,212.174,3.47827726300112,1.24653713184645,0.06477935760243,1966,-0.012240275260799,2155041,14.583320306861,-0.052998439416252,Jan-2009,97,7.58375630070711,150.73,11.35,5.34938305353154,4.70368659684976,7.84,-0.68810053661616,-0.324309546229114
8.02,212.687,3.77079934363642,1.32728700647504,0.052539082341631,1959.89999999999,-0.034558983109644,2043801,14.5303218674448,0.075502508417792,Feb-2009,98,7.58064873051481,146.45,11.97,5.62798854654962,4.88981461020185,7.47,-0.528621369949494,-0.248544278658072
8.63,213.448,4.04313931261947,1.3970214477992,0.017980099231987,1991.1,0.05936968400108,2204088,14.6058243758626,-0.042392034742315,Mar-2009,99,7.59644252881999,162.22,12.53,5.87028222330497,4.59128218582512,7.25,-0.203829703282827,-0.095493845471884
8.87,213.942,4.14598349085266,1.42214003205985,0.077349783233067,1958.1,-0.058453726853091,2112605,14.5634323411203,0.019087196402405,Apr-2009,100,7.57972989430928,164.9,12.94,6.04836824933861,4.46850080863038,7.06,-0.175044981060605,-0.081818895336402
9.96,215.208,4.62808074049292,1.53214225526674,0.018896056379976,1934.60000000001,0.002596232653393,2153316,14.5825195375227,-0.016163336566557,May-2009,101,7.56765586574845,191.38,13.43,6.24047433180923,4.46080071372812,6.53,-0.047926925505051,-0.022270048281221
10.36,217.463,4.76402882329408,1.56109370170441,0.021492289033369,1952.4,-0.191923476371556,2118791,14.5663562009561,0.039999772787876,Jun-2009,102,7.57681466401299,184.83,14.06,6.46546768875625,4.62607432068904,6.74,0.277836963383839,0.127762866963042
10.79,219.016,4.92658070643241,1.59464517874961,-0.170431187338187,1910.2,0.017272510176443,2205260,14.606355973744,-0.005316885709229,Jul-2009,103,7.55496322760064,170.62,13.84,6.31917302845454,4.32845088943274,6.23,0.119677241161617,0.054643149889331
8.21,218.69,3.75417257304861,1.3228679075522,-0.153158677161745,1845.00000000001,0.005800576660118,2193566,14.6010390880348,-0.133453375286008,Aug-2009,104,7.52023455647463,152.12,13.51,6.17769445333577,4.32118523937994,6.37,0.22426057449495,0.102547247014015
6.71,218.877,3.06564874335814,1.12025920877178,-0.147358100501627,1828.2,0.087046225276788,1919520,14.4675857127488,0.114967725400966,Sep-2009,105,7.51108715521972,112.47,13.53,6.18155402349265,4.29464950634375,6.37,0.160024463383838,0.073111593901524
5.64,216.995,2.59913822899145,0.955179939697712,-0.060311875224839,1925.3,0.211347752211728,2153389,14.5825534381497,-0.001644342772975,Oct-2009,106,7.56283707873529,12.28,13.28,6.11995668102952,4.37337265835618,6.32,0.079850852272728,0.036798475666595
5.23,213.153,2.45363658967971,0.897571246357395,0.151035876986889,1938,-0.400935432907364,2149851,14.5809090953767,0.035269423751837,Nov-2009,107,7.56941179245071,-64.95,13.08,6.13643720707661,4.47565832993202,6.24,0.072925347222223,0.034212676913871
5.94,211.398,2.80986575085857,1.0331367067092,-0.249899555920476,1919.70000000001,-0.035741744579884,2227028,14.6161785191286,0.011123217650667,Dec-2009,108,7.55992420281353,-73.68,12.6,5.9603212897,4.42293683005516,6.59,-0.126468592171716,-0.05982487638091
4.6,211.933,2.17049727980069,0.774956302497427,-0.28564130050036,1952.6,0.124026667929016,2251938,14.6273017367793,-0.082231551516378,Jan-2010,109,7.57691709679157,-54.04,12.84,6.05851849405237,4.40705317246488,6.41,-0.098517203282829,-0.046485069943251
3.7,212.705,1.73949836628194,0.553596776421111,-0.161614632571344,1907.7,0.028028286369615,2074167,14.5450701852629,0.086905465411878,Feb-2010,110,7.55365360694147,15.42,12.93,6.07884158811499,4.47568228297407,6.68,0.009295296717172,0.004370041473953
3.38,212.495,1.59062566178028,0.464127436807133,-0.13358634620173,1923.70000000001,0.168725869308681,2262488,14.6319756506748,-0.051994957417225,Mar-2010,111,7.56200569391214,23.22,12.88,6.06131908986094,4.51304736582037,6.56,-0.181746369949495,-0.08552971596955
3.18,212.709,1.49500021155663,0.402126348352094,0.035139523106952,1882.70000000001,0.054055910060424,2147856,14.5799806932575,0.019630932008022,Apr-2010,112,7.54046219573067,6.72,12.84,6.03641594854943,4.4238842738201,6.48,0.129538352272728,0.060899328318373
3.23,213.022,1.51627531428679,0.416256876461926,0.089195433167376,1846.4,-0.043325968303689,2190437,14.5996116252655,-0.023052744307064,May-2010,113,7.52099307631378,49.34,12.66,5.94304813587329,4.34227450685845,6.4,-0.010843592171717,-0.00509036257838
3.38,214.79,1.57363005726524,0.453385088866847,0.045869464863687,1860.50000000001,-0.102397059616508,2140519,14.5765588809585,0.013693590993208,Jun-2010,114,7.52860054778668,89.58,12.38,5.76376926300107,4.28790912053634,6.48,0.217003630050506,0.101030602006847
3.45,214.726,1.60669876959474,0.474181620270344,-0.056527594752821,1848.60000000001,-0.222696399467117,2170032,14.5902524719517,0.010344772031328,Jul-2010,115,7.52218387483068,76.93,12.15,5.65837392770321,4.21467358400939,6.54,-0.26448942550505,-0.123175314356459
3.37,215.445,1.5642043212885,0.447377273800466,-0.279223994219938,1906,1.0481410286652,2192597,14.600597243983,-0.048295895442246,Aug-2010,116,7.55276208421415,54.29,12.05,5.59307479867252,4.2470236023115,6.68,0.06426057449495,0.02982690454406
2.98,215.861,1.38051801853971,0.322458804486673,0.768917034445258,1962.69999999999,-0.613103082782005,2089220,14.5523013485408,0.050373461356047,Sep-2010,117,7.58207635529203,40.98,11.97,5.54523512816118,4.22494105002756,6.19,-0.139975536616161,-0.064845218272945
3.83,216.509,1.76897958052552,0.570402872163329,0.155813951663252,1954.8,0.001040411875101,2197157,14.6026748098968,-0.02441778379306,Oct-2010,118,7.578043165396,56.39,12.08,5.57944473439903,4.18458355079927,6.43,-0.354315814393939,-0.163649462329021
4.2,217.234,1.93339900752184,0.659279597715166,0.156854363538353,1823.80000000001,0.104124740696935,2144157,14.5782570261038,0.024039040914431,Nov-2010,119,7.50867751549957,92.36,11.52,5.3030372777742,4.02791459900384,6.07,-0.128741319444444,-0.059263890295462
4.66,217.347,2.14403695473137,0.7626904794086,0.260979104235288,1984.09999999999,-0.333817328577548,2196325,14.6022960670182,0.006280759412039,Dec-2010,120,7.59292068980042,82.65,11.21,5.15765112930015,4.10403640261885,6.32,0.039781407828283,0.018303177788644
5.69,217.488,2.61623629809461,0.961736757533439,-0.07283822434226,2008.20000000001,-0.062271763432945,2210163,14.6085768264302,-0.076292897400128,Jan-2011,121,7.60499407744534,70.76,11.34,5.21408077687045,3.99562274700213,5.81,0.031899463383838,0.014667229173029
5.3,217.281,2.43923766919335,0.89168555983002,-0.135109987775204,2040.2,-0.042280814548138,2047815,14.5322839290301,0.105886010980004,Feb-2011,122,7.62080312124842,54.22,11.51,5.29728784385197,4.10988535582955,6.3,0.798461963383837,0.367478961981875
4.7,217.353,2.16238101153423,0.77120993474206,-0.177390802323342,1919.70000000001,0.231136021412254,2276546,14.6381699400101,-0.038634558145491,Mar-2011,123,7.55992420281353,72.39,12.12,5.57618252336062,4.1039231112522,6.08,0.539503630050506,0.24821540537766
4.1,217.403,1.88589853865862,0.634404385658434,0.053745219088913,1841.7,-0.042571794555724,2190270,14.5995353818646,0.02089044987598,Apr-2011,124,7.51844433710156,67.29,11.94,5.49210452477657,3.9925851989163,5.87,-0.110044981060605,-0.050617968041198
4.24,217.29,1.95130931013852,0.668500588356613,0.011173424533189,1982.49999999999,0.043818718512754,2236507,14.6204258317406,-0.044684376339204,May-2011,125,7.592113953509,90.73,11.85,5.45354135026923,4.04988724745732,6,0.100406407828284,0.046208480753042
4.27,217.199,1.96593906970106,0.675970029231008,0.054992143045943,2010.9,-0.076118266851377,2138770,14.5757414554014,0.032197205448025,Jun-2011,126,7.60633766203202,69.2,11.71,5.39136920519892,4.12064512267552,6.44,0.001170296717173,0.000538813123989
4.44,217.605,2.04039429241056,0.71314306977325,-0.021126123805435,2027.19999999999,-0.173405201492587,2208753,14.6079386608494,0.01183012727299,Jul-2011,127,7.61441080956687,21.15,11.7,5.37671468946026,4.06240665425886,6.47,-0.154906092171717,-0.071186825749278
4.38,217.923,2.0098842251621,0.698077120990232,-0.194531325298022,2062.79999999999,0.287681266185196,2235038,14.6197687881224,0.001390061220636,Aug-2011,128,7.6318195621768,45.34,11.58,5.31380349940116,4.1941419675757,7.27,-0.212406092171717,-0.097468414151658
3.83,218.275,1.75466727751689,0.562279253483775,0.093149940887174,2028.20000000001,-0.069387614500216,2238147,14.621158849343,0.05171884611112,Sep-2011,129,7.6149039791779,56.5,11.62,5.32355972969877,4.13698316344061,6.69,-0.223308869949495,-0.102306205451607
4.05,219.035,1.84901956308353,0.614655532707873,0.023762326386958,1953.50000000001,0.172398535631606,2356947,14.6728776954542,-0.034635719081475,Oct-2011,130,7.57737791449513,55.37,11.32,5.16812381582852,3.92631314630082,5.96,-0.346815814393939,-0.158338080395343
4.12,219.59,1.87622387176101,0.629261178091626,0.196160862018564,2003.2,-0.291515087074254,2276710,14.6382419763727,0.052911470446899,Nov-2011,131,7.60250118090578,40.43,11.25,5.12318411585227,3.92549751810192,5.94,-0.098741319444444,-0.044966218609428
4.68,220.472,2.12271853115135,0.752697593220897,-0.09535422505569,2152.80000000001,0.080524420404137,2400418,14.6911534468196,-0.043039029899822,Dec-2011,132,7.6745245994127,26.85,10.7,4.85322399216227,3.85082913022969,5.82,-0.136051925505051,-0.061709389629999
4.37,221.187,1.9757038162279,0.680924697518035,-0.014829804651554,2070.30000000001,-0.13322479429006,2299298,14.6481144169198,-0.088606732272316,Jan-2012,133,7.63544880329467,-10.43,10.65,4.81493035304968,3.80221260743172,5.58,0.082732796717171,0.037404005080394
4.34,221.898,1.95585359038838,0.670826717271425,-0.148054598941614,2029.6,0.183606499383353,2104330,14.5595076846475,0.13599635854214,Feb-2012,134,7.61559400828507,-27.66,11.13,5.01581807857664,3.83509540419472,5.58,0.044711963383839,0.020149782054745
3.95,223.046,1.77093514342333,0.571507736686484,0.035551900441739,2010.30000000001,-0.011964528018422,2410884,14.6955040431896,-0.025697313104217,Mar-2012,135,7.60603924364724,-4.56,11.16,5.00345220268465,3.70775535091416,5.41,0.112836963383839,0.050589099730028
4.05,224.093,1.80728536812841,0.591825922842846,0.023587372423317,2002.19999999999,0.008158782968219,2349720,14.6698067300854,0.025689846935295,Apr-2012,136,7.60200185498538,-15.44,11.27,5.02916199970548,3.65027020031862,5.23,-0.083378314393939,-0.037207014227994
4.12,224.806,1.83269129827496,0.605785541294713,0.031746155391536,2034.89999999999,-0.009486451116639,2410866,14.6954965770207,-0.041465279431106,May-2012,137,7.61820195662014,-14.89,11.25,5.00431483145468,3.59865839879718,5.37,0.038739741161617,0.017232521001049
4.2,224.806,1.86827753707641,0.625016903222601,0.022259704274897,2020.5,-0.053059340736788,2312943,14.6540312975896,0.011755395580959,Jun-2012,138,7.61110028451853,-8.91,11.16,4.96428031280304,3.62534807789828,5.6,0.011586963383839,0.005154205574513
4.27,225.395,1.89445196211096,0.638929594655148,-0.030799636461891,2089.6,-0.125846583203778,2340293,14.6657866931705,0.012799456717659,Jul-2012,139,7.64472793908211,-13.84,11.15,4.94687104860356,3.58481776436922,5.87,-0.08448942550505,-0.037485048694536
4.2,226.106,1.85753584601912,0.619250795415026,-0.156646219665668,2080.19999999999,0.05238267310588,2370440,14.6785861498882,-0.005190121469415,Aug-2012,140,7.64021932191903,-12.42,11.16,4.93573810513653,3.60450408215616,5.9,-0.105322758838384,-0.046581142843792
3.82,226.597,1.68581225700252,0.522247499288304,-0.104263546559789,2043.29999999999,-0.065382632636849,2358169,14.6733960284188,0.059359605888084,Sep-2012,141,7.62232142691538,15.82,11.23,4.95593498590008,3.59228056858652,5.71,-0.137475536616162,-0.060669619022389
3.62,226.75,1.59647188533627,0.467796122830525,-0.169646179196638,2044.9,0.002372352054824,2502387,14.7327556343068,-0.010622127242055,Oct-2012,142,7.62310416752577,27.81,11.19,4.93495038588754,3.55457552370452,5.51,-0.033482481060605,-0.014766254050984
3.35,227.169,1.47467304077581,0.388436297949325,-0.167273827141814,2038,-0.097632207698043,2475947,14.7221335070648,0.027015241746375,Nov-2012,143,7.61972421378267,15.64,10.89,4.79378788479062,3.5039992252464,5.49,,0
3.14,227.223,1.38190236023642,0.323461071790544,-0.264906034839856,2010.30000000001,-0.421586700856931,2543747,14.7491487488112,0.010792861971572,Dec-2012,144,7.60603924364724,17.6,10.77,4.73983707635231,3.50756745575932,5.54,,0
2.89,227.842,1.26842285443421,0.237774281837461,-0.686492735696787,1988.50000000001,-0.538588547868298,2571350,14.7599416107827,-0.08574358665736,Jan-2013,145,7.59513586464775,-41.163667,11.05,4.84985209048376,3.51998314621536,5.45,,0
2.46,228.329,1.07739270964266,0.074543964620524,-1.22508128356509,1998.2,11.7154892124947,2360061,14.6741980241254,0.067260484306086,Feb-2013,146,7.60000205429892,-80.359644,11.01,4.8219893224251,3.51685506440268,5.59,,0
2.25,228.807,0.983361523030327,-0.016778451238818,10.4904079289296,1918.60000000001,-10.6365839918903,2524260,14.7414585084315,-0.043214829423151,Mar-2013,147,7.55935103238385,-60.304545,11.02,4.81628621501965,3.52698999593544,5.52,,0
1.89,229.187,0.824654103417733,-0.19279124914967,-0.146176062960669,2155.8,-1.49590624350741,2417498,14.6982436790083,0.029833484873423,Apr-2013,148,7.67591716334753,-43.060598,10.84,4.72976215928478,3.51677887489256,5.65,,0
1.94,228.713,0.848224630869255,-0.164609783375702,-1.64208230646808,2277.70000000001,1.8237880117893,2490707,14.7280771638817,-0.046821658412416,May-2013,149,7.73092144086582,-35.06465,10.97,4.79640422713182,3.58090707568,5.8,,0
2.54,228.524,1.11148063223119,0.105693029377081,0.181705705321229,2278.00000000001,0.5658722354122,2376776,14.6812555054693,0.036472823141404,Jun-2013,150,7.73105314400713,-50.916795,10.87,4.75661199698938,3.54010957273634,6.05,,0
2.59,228.59,1.13303294107354,0.124898055827581,0.747577940733429,2285.69999999999,-1.0162046645379,2465064,14.7177283286107,-0.037660851226315,Jul-2013,151,7.73442760214707,-38.817433,10.96,4.79461043790192,3.52596351546437,6.14,,0
2.86,229.918,1.2439217460138,0.218269087204772,-0.268626723804469,2213.79999999999,0.950933339062191,2373954,14.6800674773844,0.015225417637495,Aug-2013,152,7.70246577495152,-72.050533,11.11,4.83215755182282,3.47080263398255,6.14,,0
2.71,231.015,1.17308399887453,0.159636177401162,0.682306615257722,2215.79999999999,-0.302206735064677,2410375,14.6952928950219,0.059107109414704,Sep-2013,153,7.70336879108657,-79.681716,11.16,4.83085513927667,3.39371902257429,6.03,,0
3.03,231.638,1.30807553164852,0.268556997276431,0.380099880193045,2223.00000000001,-1.38009988019304,2557140,14.7544000044366,-0.034118816898099,Oct-2013,154,7.7066129139642,-49.984896,11.11,4.79627694937791,3.4536647700291,5.74,,0
3.35,231.249,1.44865491310233,0.370635479766206,-1,2152.2,1,2471365,14.7202811875385,-14.7202811875385,Nov-2013,155,7.67424585376629,-42.335566,10.99,4.75245298358047,3.41623098910698,5.64,,0
,,,,,,,,,,,,7.59024587935355,-60.168128,,,,5.79,,
